state,district,date,population
Andaman and Nicobar Islands,Andaman and Nicobar Islands - Other,12-08-2021,
Andaman and Nicobar Islands,Nicobars,12-08-2021,36842
Andaman and Nicobar Islands,North and Middle Andaman,12-08-2021,105597
Andaman and Nicobar Islands,South Andaman,12-08-2021,238142
Andhra Pradesh,Anantapur,12-08-2021,4083315
Andhra Pradesh,Chittoor,12-08-2021,4170468
Andhra Pradesh,East Godavari,12-08-2021,5151549
Andhra Pradesh,Foreign Evacuees,12-08-2021,
Andhra Pradesh,Guntur,12-08-2021,4889230
Andhra Pradesh,Krishna,12-08-2021,4529009
Andhra Pradesh,Kurnool,12-08-2021,4046601
Andhra Pradesh,Other State - AP,12-08-2021,
Andhra Pradesh,Prakasam,12-08-2021,3392764
Andhra Pradesh,S.P.S. Nellore,12-08-2021,2966082
Andhra Pradesh,Srikakulam,12-08-2021,2699471
Andhra Pradesh,Visakhapatnam,12-08-2021,4288113
Andhra Pradesh,Vizianagaram,12-08-2021,2342868
Andhra Pradesh,West Godavari,12-08-2021,3934782
Andhra Pradesh,Y.S.R. Kadapa,12-08-2021,2884524
Arunachal Pradesh,Anjaw,12-08-2021,21089
Arunachal Pradesh,Capital Complex,12-08-2021,0
Arunachal Pradesh,Changlang,12-08-2021,147951
Arunachal Pradesh,East Kameng,12-08-2021,78413
Arunachal Pradesh,East Siang,12-08-2021,99019
Arunachal Pradesh,Kamle,12-08-2021,22256
Arunachal Pradesh,Kra Daadi,12-08-2021,0
Arunachal Pradesh,Kurung Kumey,12-08-2021,89717
Arunachal Pradesh,Lepa Rada,12-08-2021,0
Arunachal Pradesh,Lohit,12-08-2021,145538
Arunachal Pradesh,Longding,12-08-2021,60000
Arunachal Pradesh,Lower Dibang Valley,12-08-2021,53986
Arunachal Pradesh,Lower Siang,12-08-2021,80597
Arunachal Pradesh,Lower Subansiri,12-08-2021,82839
Arunachal Pradesh,Namsai,12-08-2021,95950
Arunachal Pradesh,Pakke Kessang,12-08-2021,0
Arunachal Pradesh,Papum Pare,12-08-2021,176385
Arunachal Pradesh,Shi Yomi,12-08-2021,13310
Arunachal Pradesh,Siang,12-08-2021,31920
Arunachal Pradesh,Tawang,12-08-2021,49950
Arunachal Pradesh,Tirap,12-08-2021,111997
Arunachal Pradesh,Upper Dibang Valley,12-08-2021,7948
Arunachal Pradesh,Upper Siang,12-08-2021,35289
Arunachal Pradesh,Upper Subansiri,12-08-2021,83205
Arunachal Pradesh,West Kameng,12-08-2021,87013
Arunachal Pradesh,West Siang,12-08-2021,112272
Assam,Assam - Other,12-08-2021,
Assam,Baksa,12-08-2021,953773
Assam,Barpeta,12-08-2021,1693190
Assam,Biswanath,12-08-2021,612491
Assam,Bongaigaon,12-08-2021,732639
Assam,Cachar,12-08-2021,1736319
Assam,Charaideo,12-08-2021,
Assam,Chirang,12-08-2021,481818
Assam,Darrang,12-08-2021,908090
Assam,Dhemaji,12-08-2021,688077
Assam,Dhubri,12-08-2021,1948632
Assam,Dibrugarh,12-08-2021,1327748
Assam,Dima Hasao,12-08-2021,213529
Assam,Goalpara,12-08-2021,1008959
Assam,Golaghat,12-08-2021,1058674
Assam,Hailakandi,12-08-2021,659260
Assam,Hojai,12-08-2021,931218
Assam,Jorhat,12-08-2021,1091295
Assam,Kamrup,12-08-2021,1517202
Assam,Kamrup Metropolitan,12-08-2021,1260419
Assam,Karbi Anglong,12-08-2021,965280
Assam,Karimganj,12-08-2021,1217002
Assam,Kokrajhar,12-08-2021,886999
Assam,Lakhimpur,12-08-2021,1040644
Assam,Majuli,12-08-2021,167304
Assam,Morigaon,12-08-2021,957853
Assam,Nagaon,12-08-2021,2826006
Assam,Nalbari,12-08-2021,769919
Assam,Sivasagar,12-08-2021,1150253
Assam,Sonitpur,12-08-2021,1925975
Assam,South Salmara Mankachar,12-08-2021,555114
Assam,Tinsukia,12-08-2021,1316948
Assam,Udalguri,12-08-2021,832769
Assam,West Karbi Anglong,12-08-2021,300320
Bihar,Araria,12-08-2021,2806200
Bihar,Arwal,12-08-2021,700843
Bihar,Aurangabad - BR,12-08-2021,2511243
Bihar,Banka,12-08-2021,2029339
Bihar,Begusarai,12-08-2021,2954367
Bihar,Bhagalpur,12-08-2021,3032226
Bihar,Bhojpur,12-08-2021,2720155
Bihar,Buxar,12-08-2021,1707643
Bihar,Darbhanga,12-08-2021,3921971
Bihar,East Champaran,12-08-2021,5082868
Bihar,Gaya,12-08-2021,4379383
Bihar,Gopalganj,12-08-2021,2558037
Bihar,Jamui,12-08-2021,1756078
Bihar,Jehanabad,12-08-2021,1124176
Bihar,Kaimur,12-08-2021,1626900
Bihar,Katihar,12-08-2021,3068149
Bihar,Khagaria,12-08-2021,1657599
Bihar,Kishanganj,12-08-2021,1690948
Bihar,Lakhisarai,12-08-2021,1000717
Bihar,Madhepura,12-08-2021,1994618
Bihar,Madhubani,12-08-2021,4476044
Bihar,Munger,12-08-2021,1359054
Bihar,Muzaffarpur,12-08-2021,4778610
Bihar,Nalanda,12-08-2021,2872523
Bihar,Nawada,12-08-2021,2216653
Bihar,Patna,12-08-2021,5772804
Bihar,Purnia,12-08-2021,3273127
Bihar,Rohtas,12-08-2021,2962593
Bihar,Saharsa,12-08-2021,1897102
Bihar,Samastipur,12-08-2021,4254782
Bihar,Saran,12-08-2021,3943098
Bihar,Sheikhpura,12-08-2021,634927
Bihar,Sheohar,12-08-2021,656916
Bihar,Sitamarhi,12-08-2021,3419622
Bihar,Siwan,12-08-2021,3318176
Bihar,Supaul,12-08-2021,2228397
Bihar,Vaishali,12-08-2021,3495021
Bihar,West Champaran,12-08-2021,3935042
Chandigarh,Chandigarh,12-08-2021,1055450
Chhattisgarh,Balod,12-08-2021,826165
Chhattisgarh,Baloda Bazar,12-08-2021,1305343
Chhattisgarh,Balrampur - CT,12-08-2021,598855
Chhattisgarh,Bametara,12-08-2021,197035
Chhattisgarh,Bastar,12-08-2021,1302253
Chhattisgarh,Bijapur,12-08-2021,229832
Chhattisgarh,Bilaspur - CT,12-08-2021,1961922
Chhattisgarh,Dakshin Bastar Dantewada,12-08-2021,533638
Chhattisgarh,Dhamtari,12-08-2021,799199
Chhattisgarh,Durg,12-08-2021,3343079
Chhattisgarh,Gariaband,12-08-2021,597653
Chhattisgarh,Gaurela Pendra Marwahi,12-08-2021,0
Chhattisgarh,Janjgir Champa,12-08-2021,1620632
Chhattisgarh,Jashpur,12-08-2021,852043
Chhattisgarh,Kabeerdham,12-08-2021,584667
Chhattisgarh,Kondagaon,12-08-2021,578326
Chhattisgarh,Korba,12-08-2021,1206563
Chhattisgarh,Koriya,12-08-2021,659039
Chhattisgarh,Mahasamund,12-08-2021,1032275
Chhattisgarh,Mungeli,12-08-2021,701707
Chhattisgarh,Narayanpur,12-08-2021,140206
Chhattisgarh,Other State - CT,12-08-2021,
Chhattisgarh,Raigarh,12-08-2021,1493627
Chhattisgarh,Raipur,12-08-2021,4062160
Chhattisgarh,Rajnandgaon,12-08-2021,1537520
Chhattisgarh,Sukma,12-08-2021,249000
Chhattisgarh,Surajpur,12-08-2021,660280
Chhattisgarh,Surguja,12-08-2021,420661
Chhattisgarh,Uttar Bastar Kanker,12-08-2021,748593
Delhi,Delhi,12-08-2021,19814000
Dadra and Nagar Haveli and Daman and Diu,Dadra and Nagar Haveli,12-08-2021,343709
Dadra and Nagar Haveli and Daman and Diu,Daman,12-08-2021,191173
Dadra and Nagar Haveli and Daman and Diu,Diu,12-08-2021,52074
Goa,Goa - Other,12-08-2021,
Goa,North Goa,12-08-2021,817761
Goa,South Goa,12-08-2021,639962
Gujarat,Ahmedabad,12-08-2021,7208200
Gujarat,Amreli,12-08-2021,1513614
Gujarat,Anand,12-08-2021,2090276
Gujarat,Aravalli,12-08-2021,1051746
Gujarat,Banaskantha,12-08-2021,3116045
Gujarat,Bharuch,12-08-2021,1550822
Gujarat,Bhavnagar,12-08-2021,2877961
Gujarat,Botad,12-08-2021,656005
Gujarat,Chhota Udaipur,12-08-2021,1071831
Gujarat,Dahod,12-08-2021,2126558
Gujarat,Dang,12-08-2021,226769
Gujarat,Devbhumi Dwarka,12-08-2021,752484
Gujarat,Gandhinagar,12-08-2021,1387478
Gujarat,Gir Somnath,12-08-2021,1217477
Gujarat,Jamnagar,12-08-2021,2159130
Gujarat,Junagadh,12-08-2021,2742291
Gujarat,Kheda,12-08-2021,2298934
Gujarat,Kutch,12-08-2021,2090313
Gujarat,Mahisagar,12-08-2021,994624
Gujarat,Mehsana,12-08-2021,2027727
Gujarat,Morbi,12-08-2021,960329
Gujarat,Narmada,12-08-2021,590379
Gujarat,Navsari,12-08-2021,1330711
Gujarat,Other State - GJ,12-08-2021,0
Gujarat,Panchmahal,12-08-2021,2388267
Gujarat,Patan,12-08-2021,1342746
Gujarat,Porbandar,12-08-2021,586062
Gujarat,Rajkot,12-08-2021,3157676
Gujarat,Sabarkantha,12-08-2021,2427346
Gujarat,Surat,12-08-2021,4996391
Gujarat,Surendranagar,12-08-2021,1755873
Gujarat,Tapi,12-08-2021,806489
Gujarat,Vadodara,12-08-2021,3639775
Gujarat,Valsad,12-08-2021,1703068
Himachal Pradesh,Bilaspur - HP,12-08-2021,382056
Himachal Pradesh,Chamba,12-08-2021,518844
Himachal Pradesh,Hamirpur - HP,12-08-2021,454293
Himachal Pradesh,Kangra,12-08-2021,1507223
Himachal Pradesh,Kinnaur,12-08-2021,84298
Himachal Pradesh,Kullu,12-08-2021,437474
Himachal Pradesh,Lahaul and Spiti,12-08-2021,31528
Himachal Pradesh,Mandi,12-08-2021,999518
Himachal Pradesh,Shimla,12-08-2021,813384
Himachal Pradesh,Sirmaur,12-08-2021,530164
Himachal Pradesh,Solan,12-08-2021,576670
Himachal Pradesh,Una,12-08-2021,521057
Haryana,Ambala,12-08-2021,1136784
Haryana,Bhiwani,12-08-2021,1629109
Haryana,Charkhi Dadri,12-08-2021,502276
Haryana,Faridabad,12-08-2021,1798954
Haryana,Fatehabad,12-08-2021,941522
Haryana,Gurugram,12-08-2021,1514085
Haryana,Hisar,12-08-2021,1742815
Haryana,Jhajjar,12-08-2021,956907
Haryana,Jind,12-08-2021,1332042
Haryana,Kaithal,12-08-2021,1072861
Haryana,Karnal,12-08-2021,1506323
Haryana,Kurukshetra,12-08-2021,964231
Haryana,Mahendragarh,12-08-2021,921680
Haryana,Nuh,12-08-2021,1089406
Haryana,Palwal,12-08-2021,1040493
Haryana,Panchkula,12-08-2021,558890
Haryana,Panipat,12-08-2021,1202811
Haryana,Rewari,12-08-2021,896129
Haryana,Rohtak,12-08-2021,1058683
Haryana,Sirsa,12-08-2021,1295114
Haryana,Sonipat,12-08-2021,1480080
Haryana,Yamunanagar,12-08-2021,1214162
Jharkhand,Bokaro,12-08-2021,2061918
Jharkhand,Chatra,12-08-2021,1042304
Jharkhand,Deoghar,12-08-2021,1491879
Jharkhand,Dhanbad,12-08-2021,2682662
Jharkhand,Dumka,12-08-2021,1321096
Jharkhand,East Singhbhum,12-08-2021,2291032
Jharkhand,Garhwa,12-08-2021,1322387
Jharkhand,Giridih,12-08-2021,2445203
Jharkhand,Godda,12-08-2021,1311382
Jharkhand,Gumla,12-08-2021,1025656
Jharkhand,Hazaribagh,12-08-2021,1734005
Jharkhand,Jamtara,12-08-2021,790207
Jharkhand,Khunti,12-08-2021,530299
Jharkhand,Koderma,12-08-2021,717169
Jharkhand,Latehar,12-08-2021,725673
Jharkhand,Lohardaga,12-08-2021,461738
Jharkhand,Pakur,12-08-2021,899200
Jharkhand,Palamu,12-08-2021,1936319
Jharkhand,Ramgarh,12-08-2021,949159
Jharkhand,Ranchi,12-08-2021,2912022
Jharkhand,Sahibganj,12-08-2021,1150038
Jharkhand,Saraikela-Kharsawan,12-08-2021,1063458
Jharkhand,Simdega,12-08-2021,599813
Jharkhand,West Singhbhum,12-08-2021,1501619
Jammu and Kashmir,Anantnag,12-08-2021,1070144
Jammu and Kashmir,Bandipora,12-08-2021,385099
Jammu and Kashmir,Baramulla,12-08-2021,1015503
Jammu and Kashmir,Budgam,12-08-2021,735753
Jammu and Kashmir,Doda,12-08-2021,409576
Jammu and Kashmir,Ganderbal,12-08-2021,297003
Jammu and Kashmir,Jammu,12-08-2021,1526406
Jammu and Kashmir,Kathua,12-08-2021,615711
Jammu and Kashmir,Kishtwar,12-08-2021,230696
Jammu and Kashmir,Kulgam,12-08-2021,422786
Jammu and Kashmir,Kupwara,12-08-2021,875564
Jammu and Kashmir,Pulwama,12-08-2021,570060
Jammu and Kashmir,Punch,12-08-2021,476820
Jammu and Kashmir,Rajouri,12-08-2021,619266
Jammu and Kashmir,Ramban,12-08-2021,283313
Jammu and Kashmir,Reasi,12-08-2021,314714
Jammu and Kashmir,Samba,12-08-2021,318611
Jammu and Kashmir,Shopiyan,12-08-2021,265960
Jammu and Kashmir,Srinagar,12-08-2021,1269751
Jammu and Kashmir,Udhampur,12-08-2021,555357
Karnataka,Bagalkote,12-08-2021,1890826
Karnataka,Ballari,12-08-2021,2532383
Karnataka,Belagavi,12-08-2021,4778439
Karnataka,Bengaluru Rural,12-08-2021,987257
Karnataka,Bengaluru Urban,12-08-2021,9588910
Karnataka,Bidar,12-08-2021,1700018
Karnataka,Chamarajanagara,12-08-2021,1020962
Karnataka,Chikkaballapura,12-08-2021,1254377
Karnataka,Chikkamagaluru,12-08-2021,1137753
Karnataka,Chitradurga,12-08-2021,1660378
Karnataka,Dakshina Kannada,12-08-2021,2083625
Karnataka,Davanagere,12-08-2021,1946905
Karnataka,Dharwad,12-08-2021,1846993
Karnataka,Gadag,12-08-2021,1065235
Karnataka,Hassan,12-08-2021,1776221
Karnataka,Haveri,12-08-2021,1598506
Karnataka,Kalaburagi,12-08-2021,2564892
Karnataka,Kodagu,12-08-2021,554762
Karnataka,Kolar,12-08-2021,1540231
Karnataka,Koppal,12-08-2021,1391292
Karnataka,Mandya,12-08-2021,1808680
Karnataka,Mysuru,12-08-2021,2994744
Karnataka,Other State - KA,12-08-2021,
Karnataka,Raichur,12-08-2021,1924773
Karnataka,Ramanagara,12-08-2021,1082739
Karnataka,Shivamogga,12-08-2021,1755512
Karnataka,Tumakuru,12-08-2021,2681449
Karnataka,Udupi,12-08-2021,1177908
Karnataka,Uttara Kannada,12-08-2021,1353299
Karnataka,Vijayapura,12-08-2021,2175102
Karnataka,Yadgir,12-08-2021,1172985
Kerala,Alappuzha,12-08-2021,2121943
Kerala,Ernakulam,12-08-2021,3279860
Kerala,Idukki,12-08-2021,1107453
Kerala,Kannur,12-08-2021,2525637
Kerala,Kasaragod,12-08-2021,1302600
Kerala,Kollam,12-08-2021,2629703
Kerala,Kottayam,12-08-2021,1979384
Kerala,Kozhikode,12-08-2021,3089543
Kerala,Malappuram,12-08-2021,4110956
Kerala,Palakkad,12-08-2021,2810892
Kerala,Pathanamthitta,12-08-2021,1195537
Kerala,Thiruvananthapuram,12-08-2021,3307284
Kerala,Thrissur,12-08-2021,3110327
Kerala,Wayanad,12-08-2021,816558
Ladakh,Kargil,12-08-2021,143000
Ladakh,Leh,12-08-2021,147000
Lakshadweep,Lakshadweep,12-08-2021,64473
Maharashtra,Ahmednagar,12-08-2021,4543083
Maharashtra,Akola,12-08-2021,1818617
Maharashtra,Amravati,12-08-2021,2887826
Maharashtra,Aurangabad - MH,12-08-2021,3695928
Maharashtra,Beed,12-08-2021,2585962
Maharashtra,Bhandara,12-08-2021,1198810
Maharashtra,Buldhana,12-08-2021,2588039
Maharashtra,Chandrapur,12-08-2021,2194262
Maharashtra,Dhule,12-08-2021,2048781
Maharashtra,Gadchiroli,12-08-2021,1071795
Maharashtra,Gondia,12-08-2021,1322331
Maharashtra,Hingoli,12-08-2021,1178973
Maharashtra,Jalgaon,12-08-2021,4224442
Maharashtra,Jalna,12-08-2021,1958483
Maharashtra,Kolhapur,12-08-2021,3874015
Maharashtra,Latur,12-08-2021,2455543
Maharashtra,Mumbai,12-08-2021,12442373
Maharashtra,Nagpur,12-08-2021,4653171
Maharashtra,Nanded,12-08-2021,3356566
Maharashtra,Nandurbar,12-08-2021,1646177
Maharashtra,Nashik,12-08-2021,6109052
Maharashtra,Osmanabad,12-08-2021,1660311
Maharashtra,Other State - MH,12-08-2021,
Maharashtra,Palghar,12-08-2021,2990116
Maharashtra,Parbhani,12-08-2021,1835982
Maharashtra,Pune,12-08-2021,9426959
Maharashtra,Raigad,12-08-2021,2635394
Maharashtra,Ratnagiri,12-08-2021,1612672
Maharashtra,Sangli,12-08-2021,2820575
Maharashtra,Satara,12-08-2021,3003922
Maharashtra,Sindhudurg,12-08-2021,848868
Maharashtra,Solapur,12-08-2021,4315527
Maharashtra,Thane,12-08-2021,11060148
Maharashtra,Wardha,12-08-2021,1296157
Maharashtra,Washim,12-08-2021,1196714
Maharashtra,Yavatmal,12-08-2021,2775457
Meghalaya,East Garo Hills,12-08-2021,317618
Meghalaya,East Jaintia Hills,12-08-2021,122436
Meghalaya,East Khasi Hills,12-08-2021,824059
Meghalaya,North Garo Hills,12-08-2021,118325
Meghalaya,Ribhoi,12-08-2021,258380
Meghalaya,South Garo Hills,12-08-2021,142574
Meghalaya,South West Garo Hills,12-08-2021,172495
Meghalaya,South West Khasi Hills,12-08-2021,110152
Meghalaya,West Garo Hills,12-08-2021,642923
Meghalaya,West Jaintia Hills,12-08-2021,270352
Meghalaya,West Khasi Hills,12-08-2021,385601
Manipur,Bishnupur,12-08-2021,240363
Manipur,Chandel,12-08-2021,144028
Manipur,Churachandpur,12-08-2021,271274
Manipur,Imphal East,12-08-2021,452661
Manipur,Imphal West,12-08-2021,514683
Manipur,Jiribam,12-08-2021,43818
Manipur,Kakching,12-08-2021,135481
Manipur,Kamjong,12-08-2021,45616
Manipur,Kangpokpi,12-08-2021,
Manipur,Manipur - Other,12-08-2021,
Manipur,Noney,12-08-2021,
Manipur,Pherzawl,12-08-2021,47250
Manipur,Senapati,12-08-2021,354772
Manipur,Tamenglong,12-08-2021,140143
Manipur,Tengnoupal,12-08-2021,
Manipur,Thoubal,12-08-2021,420517
Manipur,Ukhrul,12-08-2021,183115
Madhya Pradesh,Agar Malwa,12-08-2021,
Madhya Pradesh,Alirajpur,12-08-2021,728677
Madhya Pradesh,Anuppur,12-08-2021,749521
Madhya Pradesh,Ashoknagar,12-08-2021,844979
Madhya Pradesh,Balaghat,12-08-2021,1701156
Madhya Pradesh,Barwani,12-08-2021,1385659
Madhya Pradesh,Betul,12-08-2021,1575247
Madhya Pradesh,Bhind,12-08-2021,1703562
Madhya Pradesh,Bhopal,12-08-2021,2368145
Madhya Pradesh,Burhanpur,12-08-2021,756993
Madhya Pradesh,Chhatarpur,12-08-2021,1762857
Madhya Pradesh,Chhindwara,12-08-2021,2090306
Madhya Pradesh,Damoh,12-08-2021,1263703
Madhya Pradesh,Datia,12-08-2021,786375
Madhya Pradesh,Dewas,12-08-2021,1563107
Madhya Pradesh,Dhar,12-08-2021,2184672
Madhya Pradesh,Dindori,12-08-2021,704218
Madhya Pradesh,Guna,12-08-2021,1240938
Madhya Pradesh,Gwalior,12-08-2021,2030543
Madhya Pradesh,Harda,12-08-2021,570302
Madhya Pradesh,Hoshangabad,12-08-2021,1240975
Madhya Pradesh,Indore,12-08-2021,3272335
Madhya Pradesh,Jabalpur,12-08-2021,2460714
Madhya Pradesh,Jhabua,12-08-2021,1024091
Madhya Pradesh,Katni,12-08-2021,1291684
Madhya Pradesh,Khandwa,12-08-2021,1309443
Madhya Pradesh,Khargone,12-08-2021,1872413
Madhya Pradesh,Madhya Pradesh - Other,12-08-2021,
Madhya Pradesh,Mandla,12-08-2021,1053522
Madhya Pradesh,Mandsaur,12-08-2021,1339832
Madhya Pradesh,Morena,12-08-2021,1965137
Madhya Pradesh,Narsinghpur,12-08-2021,1092141
Madhya Pradesh,Neemuch,12-08-2021,825958
Madhya Pradesh,Niwari,12-08-2021,0
Madhya Pradesh,Panna,12-08-2021,1016028
Madhya Pradesh,Raisen,12-08-2021,1331699
Madhya Pradesh,Rajgarh,12-08-2021,1546541
Madhya Pradesh,Ratlam,12-08-2021,1454483
Madhya Pradesh,Rewa,12-08-2021,2363744
Madhya Pradesh,Sagar,12-08-2021,2378295
Madhya Pradesh,Satna,12-08-2021,2228619
Madhya Pradesh,Sehore,12-08-2021,1311008
Madhya Pradesh,Seoni,12-08-2021,1378876
Madhya Pradesh,Shahdol,12-08-2021,1064989
Madhya Pradesh,Shajapur,12-08-2021,1512353
Madhya Pradesh,Sheopur,12-08-2021,687952
Madhya Pradesh,Shivpuri,12-08-2021,1725818
Madhya Pradesh,Sidhi,12-08-2021,1126515
Madhya Pradesh,Singrauli,12-08-2021,1178132
Madhya Pradesh,Tikamgarh,12-08-2021,1444920
Madhya Pradesh,Ujjain,12-08-2021,1986864
Madhya Pradesh,Umaria,12-08-2021,643579
Madhya Pradesh,Vidisha,12-08-2021,1458212
Mizoram,Aizawl,12-08-2021,404054
Mizoram,Champhai,12-08-2021,125370
Mizoram,Hnahthial,12-08-2021,
Mizoram,Khawzawl,12-08-2021,
Mizoram,Kolasib,12-08-2021,83054
Mizoram,Lawngtlai,12-08-2021,117444
Mizoram,Lunglei,12-08-2021,154094
Mizoram,Mamit,12-08-2021,85757
Mizoram,Saiha,12-08-2021,56366
Mizoram,Saitual,12-08-2021,
Mizoram,Serchhip,12-08-2021,64875
Nagaland,Dimapur,12-08-2021,379769
Nagaland,Kiphire,12-08-2021,74033
Nagaland,Kohima,12-08-2021,270063
Nagaland,Longleng,12-08-2021,50593
Nagaland,Mokokchung,12-08-2021,193171
Nagaland,Mon,12-08-2021,259604
Nagaland,Peren,12-08-2021,163294
Nagaland,Phek,12-08-2021,163294
Nagaland,Tuensang,12-08-2021,414801
Nagaland,Wokha,12-08-2021,166239
Nagaland,Zunheboto,12-08-2021,141014
Odisha,Angul,12-08-2021,1271703
Odisha,Balangir,12-08-2021,1648574
Odisha,Balasore,12-08-2021,2317419
Odisha,Bargarh,12-08-2021,1478833
Odisha,Bhadrak,12-08-2021,1506522
Odisha,Boudh,12-08-2021,439917
Odisha,Cuttack,12-08-2021,2618708
Odisha,Deogarh,12-08-2021,312164
Odisha,Dhenkanal,12-08-2021,1192948
Odisha,Gajapati,12-08-2021,575880
Odisha,Ganjam,12-08-2021,3520151
Odisha,Jagatsinghpur,12-08-2021,1136604
Odisha,Jajpur,12-08-2021,1826275
Odisha,Jharsuguda,12-08-2021,579499
Odisha,Kalahandi,12-08-2021,1573054
Odisha,Kandhamal,12-08-2021,731952
Odisha,Kendrapara,12-08-2021,1439891
Odisha,Kendujhar,12-08-2021,1802777
Odisha,Khordha,12-08-2021,2246341
Odisha,Koraput,12-08-2021,1376934
Odisha,Malkangiri,12-08-2021,612727
Odisha,Mayurbhanj,12-08-2021,2513895
Odisha,Nabarangapur,12-08-2021,1218762
Odisha,Nayagarh,12-08-2021,962215
Odisha,Nuapada,12-08-2021,606490
Odisha,Puri,12-08-2021,1697983
Odisha,Rayagada,12-08-2021,961959
Odisha,Sambalpur,12-08-2021,1044410
Odisha,State Pool,12-08-2021,
Odisha,Subarnapur,12-08-2021,652107
Odisha,Sundargarh,12-08-2021,2080664
Punjab,Amritsar,12-08-2021,2490891
Punjab,Barnala,12-08-2021,596294
Punjab,Bathinda,12-08-2021,1388859
Punjab,Faridkot,12-08-2021,618008
Punjab,Fatehgarh Sahib,12-08-2021,599814
Punjab,Fazilka,12-08-2021,1180483
Punjab,Ferozepur,12-08-2021,2026831
Punjab,Gurdaspur,12-08-2021,2299026
Punjab,Hoshiarpur,12-08-2021,1582793
Punjab,Jalandhar,12-08-2021,2181753
Punjab,Kapurthala,12-08-2021,817668
Punjab,Ludhiana,12-08-2021,3487882
Punjab,Mansa,12-08-2021,768808
Punjab,Moga,12-08-2021,992289
Punjab,Pathankot,12-08-2021,626154
Punjab,Patiala,12-08-2021,2892282
Punjab,Rupnagar,12-08-2021,683349
Punjab,S.A.S. Nagar,12-08-2021,986147
Punjab,Sangrur,12-08-2021,1654408
Punjab,Shahid Bhagat Singh Nagar,12-08-2021,614362
Punjab,Sri Muktsar Sahib,12-08-2021,902702
Punjab,Tarn Taran,12-08-2021,1120070
Puducherry,Karaikal,12-08-2021,200222
Puducherry,Mahe,12-08-2021,41816
Puducherry,Puducherry,12-08-2021,950289
Puducherry,Yanam,12-08-2021,55626
Rajasthan,Ajmer,12-08-2021,2584913
Rajasthan,Alwar,12-08-2021,3671999
Rajasthan,BSF Camp,12-08-2021,
Rajasthan,Banswara,12-08-2021,1798194
Rajasthan,Baran,12-08-2021,1223921
Rajasthan,Barmer,12-08-2021,2604453
Rajasthan,Bharatpur,12-08-2021,2549121
Rajasthan,Bhilwara,12-08-2021,2410459
Rajasthan,Bikaner,12-08-2021,2367745
Rajasthan,Bundi,12-08-2021,1113725
Rajasthan,Chittorgarh,12-08-2021,1544392
Rajasthan,Churu,12-08-2021,2041172
Rajasthan,Dausa,12-08-2021,1637226
Rajasthan,Dholpur,12-08-2021,1207293
Rajasthan,Dungarpur,12-08-2021,1388906
Rajasthan,Evacuees,12-08-2021,
Rajasthan,Ganganagar,12-08-2021,1969520
Rajasthan,Hanumangarh,12-08-2021,1779650
Rajasthan,Italians,12-08-2021,
Rajasthan,Jaipur,12-08-2021,6663971
Rajasthan,Jaisalmer,12-08-2021,672008
Rajasthan,Jalore,12-08-2021,1830151
Rajasthan,Jhalawar,12-08-2021,1411327
Rajasthan,Jhunjhunu,12-08-2021,2139658
Rajasthan,Jodhpur,12-08-2021,3685681
Rajasthan,Karauli,12-08-2021,1458459
Rajasthan,Kota,12-08-2021,1950491
Rajasthan,Nagaur,12-08-2021,3309234
Rajasthan,Other State - RJ,12-08-2021,
Rajasthan,Pali,12-08-2021,2038533
Rajasthan,Pratapgarh - RJ,12-08-2021,868231
Rajasthan,Rajsamand,12-08-2021,1158283
Rajasthan,Sawai Madhopur,12-08-2021,1338114
Rajasthan,Sikar,12-08-2021,2677737
Rajasthan,Sirohi,12-08-2021,1037185
Rajasthan,Tonk,12-08-2021,1421711
Rajasthan,Udaipur,12-08-2021,3067549
Sikkim,East Sikkim,12-08-2021,281293
Sikkim,North Sikkim,12-08-2021,43354
Sikkim,Sikkim - Other,12-08-2021,
Sikkim,South Sikkim,12-08-2021,146742
Sikkim,West Sikkim,12-08-2021,136299
Telangana,Adilabad,12-08-2021,708952
Telangana,Bhadradri Kothagudem,12-08-2021,1304811
Telangana,Hyderabad,12-08-2021,3441992
Telangana,Jagtial,12-08-2021,983414
Telangana,Jangaon,12-08-2021,582457
Telangana,Jayashankar Bhupalapally,12-08-2021,712257
Telangana,Jogulamba Gadwal,12-08-2021,664971
Telangana,Kamareddy,12-08-2021,972625
Telangana,Karimnagar,12-08-2021,1016063
Telangana,Khammam,12-08-2021,1401639
Telangana,Komaram Bheem,12-08-2021,515835
Telangana,Mahabubabad,12-08-2021,1318110
Telangana,Mahabubnagar,12-08-2021,
Telangana,Mancherial,12-08-2021,807037
Telangana,Medak,12-08-2021,767428
Telangana,Medchal Malkajgiri,12-08-2021,2542203
Telangana,Mulugu,12-08-2021,294671
Telangana,Nagarkurnool,12-08-2021,893308
Telangana,Nalgonda,12-08-2021,1631399
Telangana,Narayanpet,12-08-2021,566874
Telangana,Nirmal,12-08-2021,709415
Telangana,Nizamabad,12-08-2021,1534428
Telangana,Peddapalli,12-08-2021,795332
Telangana,Rajanna Sircilla,12-08-2021,546121
Telangana,Ranga Reddy,12-08-2021,2551731
Telangana,Sangareddy,12-08-2021,1527628
Telangana,Siddipet,12-08-2021,993376
Telangana,Suryapet,12-08-2021,1099560
Telangana,Telangana - Other,12-08-2021,
Telangana,Vikarabad,12-08-2021,881250
Telangana,Wanaparthy,12-08-2021,751553
Telangana,Warangal Rural,12-08-2021,716457
Telangana,Warangal Urban,12-08-2021,1135707
Telangana,Yadadri Bhuvanagiri,12-08-2021,726465
Tamil Nadu,Airport Quarantine,12-08-2021,
Tamil Nadu,Ariyalur,12-08-2021,752481
Tamil Nadu,Chengalpattu,12-08-2021,2556244
Tamil Nadu,Chennai,12-08-2021,7100000
Tamil Nadu,Coimbatore,12-08-2021,3472578
Tamil Nadu,Cuddalore,12-08-2021,2600880
Tamil Nadu,Dharmapuri,12-08-2021,1502900
Tamil Nadu,Dindigul,12-08-2021,2161367
Tamil Nadu,Erode,12-08-2021,2259608
Tamil Nadu,Kallakurichi,12-08-2021,1370281
Tamil Nadu,Kancheepuram,12-08-2021,1166401
Tamil Nadu,Kanyakumari,12-08-2021,1863178
Tamil Nadu,Karur,12-08-2021,1076588
Tamil Nadu,Krishnagiri,12-08-2021,1883731
Tamil Nadu,Madurai,12-08-2021,3991038
Tamil Nadu,Mayiladuthurai,12-08-2021,901000
Tamil Nadu,Nagapattinam,12-08-2021,1614069
Tamil Nadu,Namakkal,12-08-2021,1721179
Tamil Nadu,Nilgiris,12-08-2021,735071
Tamil Nadu,Perambalur,12-08-2021,564511
Tamil Nadu,Pudukkottai,12-08-2021,1918725
Tamil Nadu,Railway Quarantine,12-08-2021,
Tamil Nadu,Ramanathapuram,12-08-2021,1337560
Tamil Nadu,Ranipet,12-08-2021,1210277
Tamil Nadu,Salem,12-08-2021,3480008
Tamil Nadu,Sivaganga,12-08-2021,1341250
Tamil Nadu,Tenkasi,12-08-2021,1407627
Tamil Nadu,Thanjavur,12-08-2021,2402781
Tamil Nadu,Theni,12-08-2021,1243684
Tamil Nadu,Thiruvallur,12-08-2021,3725697
Tamil Nadu,Thiruvarur,12-08-2021,1268094
Tamil Nadu,Thoothukkudi,12-08-2021,1738376
Tamil Nadu,Tiruchirappalli,12-08-2021,2713858
Tamil Nadu,Tirunelveli,12-08-2021,1665253
Tamil Nadu,Tirupathur,12-08-2021,1111812
Tamil Nadu,Tiruppur,12-08-2021,2471222
Tamil Nadu,Tiruvannamalai,12-08-2021,2468965
Tamil Nadu,Vellore,12-08-2021,1614242
Tamil Nadu,Viluppuram,12-08-2021,2093003
Tamil Nadu,Virudhunagar,12-08-2021,1943309
Tripura,Dhalai,12-08-2021,377988
Tripura,Gomati,12-08-2021,436868
Tripura,Khowai,12-08-2021,327391
Tripura,North Tripura,12-08-2021,415946
Tripura,Sipahijala,12-08-2021,484233
Tripura,South Tripura,12-08-2021,433737
Tripura,Unokoti,12-08-2021,277335
Tripura,West Tripura,12-08-2021,917534
Uttar Pradesh,Agra,12-08-2021,4380793
Uttar Pradesh,Aligarh,12-08-2021,3673849
Uttar Pradesh,Ambedkar Nagar,12-08-2021,2398709
Uttar Pradesh,Amethi,12-08-2021,2549935
Uttar Pradesh,Amroha,12-08-2021,1838771
Uttar Pradesh,Auraiya,12-08-2021,1372287
Uttar Pradesh,Ayodhya,12-08-2021,2468371
Uttar Pradesh,Azamgarh,12-08-2021,4616509
Uttar Pradesh,Baghpat,12-08-2021,1302156
Uttar Pradesh,Bahraich,12-08-2021,2384239
Uttar Pradesh,Ballia,12-08-2021,3223642
Uttar Pradesh,Balrampur - UP,12-08-2021,2149066
Uttar Pradesh,Banda,12-08-2021,1799541
Uttar Pradesh,Barabanki,12-08-2021,3257983
Uttar Pradesh,Bareilly,12-08-2021,4465344
Uttar Pradesh,Basti,12-08-2021,2461056
Uttar Pradesh,Bhadohi,12-08-2021,1554203
Uttar Pradesh,Bijnor,12-08-2021,3683896
Uttar Pradesh,Budaun,12-08-2021,3712738
Uttar Pradesh,Bulandshahr,12-08-2021,3498507
Uttar Pradesh,Chandauli,12-08-2021,1952713
Uttar Pradesh,Chitrakoot,12-08-2021,990626
Uttar Pradesh,Deoria,12-08-2021,3098637
Uttar Pradesh,Etah,12-08-2021,1761152
Uttar Pradesh,Etawah,12-08-2021,1579160
Uttar Pradesh,Farrukhabad,12-08-2021,1887577
Uttar Pradesh,Fatehpur,12-08-2021,2632684
Uttar Pradesh,Firozabad,12-08-2021,2496761
Uttar Pradesh,Gautam Buddha Nagar,12-08-2021,1674714
Uttar Pradesh,Ghaziabad,12-08-2021,4661452
Uttar Pradesh,Ghazipur,12-08-2021,3622727
Uttar Pradesh,Gonda,12-08-2021,3431386
Uttar Pradesh,Gorakhpur,12-08-2021,4436275
Uttar Pradesh,Hamirpur - UP,12-08-2021,1104021
Uttar Pradesh,Hapur,12-08-2021,1338211
Uttar Pradesh,Hardoi,12-08-2021,4091380
Uttar Pradesh,Hathras,12-08-2021,1565678
Uttar Pradesh,Jalaun,12-08-2021,1670718
Uttar Pradesh,Jaunpur,12-08-2021,4476072
Uttar Pradesh,Jhansi,12-08-2021,2000755
Uttar Pradesh,Kannauj,12-08-2021,1658005
Uttar Pradesh,Kanpur Dehat,12-08-2021,1795092
Uttar Pradesh,Kanpur Nagar,12-08-2021,4572951
Uttar Pradesh,Kasganj,12-08-2021,1438156
Uttar Pradesh,Kaushambi,12-08-2021,1596909
Uttar Pradesh,Kushinagar,12-08-2021,3560830
Uttar Pradesh,Lakhimpur Kheri,12-08-2021,4013634
Uttar Pradesh,Lalitpur,12-08-2021,1218002
Uttar Pradesh,Lucknow,12-08-2021,4588455
Uttar Pradesh,Maharajganj,12-08-2021,2665292
Uttar Pradesh,Mahoba,12-08-2021,876055
Uttar Pradesh,Mainpuri,12-08-2021,1847194
Uttar Pradesh,Mathura,12-08-2021,2541894
Uttar Pradesh,Mau,12-08-2021,2205170
Uttar Pradesh,Meerut,12-08-2021,3447405
Uttar Pradesh,Mirzapur,12-08-2021,2494533
Uttar Pradesh,Moradabad,12-08-2021,4773138
Uttar Pradesh,Muzaffarnagar,12-08-2021,4138605
Uttar Pradesh,Pilibhit,12-08-2021,2037225
Uttar Pradesh,Pratapgarh - UP,12-08-2021,3173752
Uttar Pradesh,Prayagraj,12-08-2021,5959798
Uttar Pradesh,Rae Bareli,12-08-2021,3404004
Uttar Pradesh,Rampur,12-08-2021,2335398
Uttar Pradesh,Saharanpur,12-08-2021,3464228
Uttar Pradesh,Sambhal,12-08-2021,2217020
Uttar Pradesh,Sant Kabir Nagar,12-08-2021,1714300
Uttar Pradesh,Shahjahanpur,12-08-2021,3002376
Uttar Pradesh,Shamli,12-08-2021,1274815
Uttar Pradesh,Shrawasti,12-08-2021,1114615
Uttar Pradesh,Siddharthnagar,12-08-2021,2553526
Uttar Pradesh,Sitapur,12-08-2021,4474446
Uttar Pradesh,Sonbhadra,12-08-2021,1862612
Uttar Pradesh,Sultanpur,12-08-2021,3790922
Uttar Pradesh,Unnao,12-08-2021,3110595
Uttar Pradesh,Varanasi,12-08-2021,3682194
Uttarakhand,Almora,12-08-2021,621927
Uttarakhand,Bageshwar,12-08-2021,259840
Uttarakhand,Chamoli,12-08-2021,391114
Uttarakhand,Champawat,12-08-2021,259315
Uttarakhand,Dehradun,12-08-2021,1698560
Uttarakhand,Haridwar,12-08-2021,1927029
Uttarakhand,Nainital,12-08-2021,955128
Uttarakhand,Pauri Garhwal,12-08-2021,686527
Uttarakhand,Pithoragarh,12-08-2021,485993
Uttarakhand,Rudraprayag,12-08-2021,236857
Uttarakhand,Tehri Garhwal,12-08-2021,616409
Uttarakhand,Udham Singh Nagar,12-08-2021,1648367
Uttarakhand,Uttarkashi,12-08-2021,329686
West Bengal,Alipurduar,12-08-2021,1700000
West Bengal,Bankura,12-08-2021,3596292
West Bengal,Birbhum,12-08-2021,3502387
West Bengal,Cooch Behar,12-08-2021,2822780
West Bengal,Dakshin Dinajpur,12-08-2021,1670931
West Bengal,Darjeeling,12-08-2021,1842034
West Bengal,Hooghly,12-08-2021,5520389
West Bengal,Howrah,12-08-2021,4841638
West Bengal,Jalpaiguri,12-08-2021,3869675
West Bengal,Jhargram,12-08-2021,1136548
West Bengal,Kalimpong,12-08-2021,251642
West Bengal,Kolkata,12-08-2021,4486679
West Bengal,Malda,12-08-2021,3997970
West Bengal,Murshidabad,12-08-2021,7102430
West Bengal,Nadia,12-08-2021,5168488
West Bengal,North 24 Parganas,12-08-2021,10082852
West Bengal,Other State - WB,12-08-2021,
West Bengal,Paschim Bardhaman,12-08-2021,2882031
West Bengal,Paschim Medinipur,12-08-2021,5094238
West Bengal,Purba Bardhaman,12-08-2021,4835532
West Bengal,Purba Medinipur,12-08-2021,4417377
West Bengal,Purulia,12-08-2021,2927965
West Bengal,South 24 Parganas,12-08-2021,8153176
West Bengal,Uttar Dinajpur,12-08-2021,3000849
